protein_name,num_variants,graph_nodes,graph_edges,graph_time_sec,graph_peak_mem_MB,ilp_num_vars,ilp_num_constraints,ilp_setup_time_sec,ilp_setup_peak_mem_MB,ilp_optimize_time_sec,ilp_optimize_peak_mem_MB,ilp_objective,ilp_path_length,ilp_status,greedy_objective,greedy_time_sec,greedy_path_length
SPAP,2,38738,3300211,113.36,1486.4,3300211,112792,1101.504,2396.1,905.047,95.6,22.596498400281938,46,2,22.59649840028194,21.81,46
SPAP,3,38738,3300211,104.875,1486.3,3300211,112792,1018.934,2396.0,820.853,95.6,32.72962382423955,70,2,31.309314303134443,28.53,68
SPAP,4,38738,3300211,104.449,1486.2,3300211,112792,1038.752,2396.0,810.311,95.6,41.44243972709205,92,2,38.78510673447881,32.644,90
SPAP,5,38738,3300211,100.353,1486.3,3300211,112792,1061.444,2395.9,836.877,95.6,48.993855517920046,114,2,,26.676,0
SPAP,6,38738,3300211,101.525,1486.3,3300211,112792,1113.6,2396.0,812.114,95.6,54.4076152583677,138,2,,33.126,0
SPAP,7,38738,3300211,104.046,1486.3,3300211,112792,1092.369,2396.0,968.143,95.6,,0,3,,33.03,0
SPAP,8,38738,3300211,113.407,1486.3,3300211,112792,1106.197,2396.0,866.794,95.6,,0,3,,38.2,0
