num_proteins,graph_time_sec,graph_peak_mem_MB,ilp_num_vars,ilp_num_constraints,ilp_single_forbidden_cnt,ilp_inter_forbidden_cnt,forbidden_time_sec,ilp_setup_time_sec,ilp_setup_peak_mem_MB,ilp_optimize_time_sec,ilp_optimize_peak_mem_MB,ilp_objective,ilp_path_length,ilp_status,greedy_objective,greedy_time_sec,greedy_path_length
2,213,2612.306714,5773262,80284,0,12168,299.3681984,186.0681062,3553.375174,69.33879375,163.885575,14.95838588,42,2,14.95838588,117.986,42
3,288,4071.798483,9011436,185508,60132,19224,870.3667343,318.8567951,5254.617804,235.5243151,257.500687,26.76172414,66,2,26.76172414,185.495,66
4,344,4733.032977,10491895,226018,60132,41588,1201.660982,381.4069548,5775.237337,273.2280765,300.087819,31.85850954,78,2,31.85850954,217.693,78
5,420,5792.336526,12840872,437785,80238,205275,2221.384466,528.9682512,7047.907575,609.1578503,371.788651,40.75532732,96,2,40.75532732,266.66,96
6,494,6854.284585,15196742,777305,158564,438417,3677.225685,718.8978128,8275.324894,1089.810031,447.259572,50.95863323,114,2,50.95863323,315.403,114
7,563,7844.614444,17394073,894779,158564,529633,4627.358796,834.819277,9382.616979,1152.402611,512.074112,58.82227799,132,2,58.82227799,361.494,132
8,617,8565.081155,18998606,999363,158564,614667,5568.758449,902.084965,10227.85457,1205.884142,559.929661,65.22122446,146,2,65.22122446,396.595,146
9,654,9066.119882,20118012,1084177,174498,669520,6495.900128,965.6843467,10676.64717,1302.555753,593.647548,68.77624745,156,2,68.77624745,422.178,156
10,748,10315.45714,22887104,1687908,282811,1132206,9495.925962,1295.029634,12347.89869,2402.820378,688.086593,77.91399681,176,2,77.91399681,477.194,176