protein_name,num_variants,graph_nodes,graph_edges,graph_time_sec,graph_peak_mem_MB,ilp_num_vars,ilp_num_constraints,ilp_setup_time_sec,ilp_setup_peak_mem_MB,ilp_optimize_time_sec,ilp_optimize_peak_mem_MB,ilp_objective,ilp_path_length,ilp_status,greedy_objective,greedy_time_sec,greedy_path_length
SPAP,2,38738,3300211,92.027,1485.6,3300211,112792,1096.781,2396.1,830.241,95.6,22.596498400281938,46,2,22.59649840028194,23.652,46
SPAP,3,38738,3300211,80.613,1485.5,3300211,112792,1096.335,2395.9,827.12,95.6,32.72962382423955,70,2,31.309314303134443,23.706,68
SPAP,4,38738,3300211,82.541,1485.5,3300211,112792,1155.274,2395.9,838.236,95.6,41.44243972709205,92,2,38.78510673447881,26.837,90
SPAP,5,38738,3300211,82.905,1485.5,3300211,112792,1139.429,2395.9,831.433,95.6,48.993855517920046,114,2,38.78510673447881,28.258,90
SPAP,6,38738,3300211,81.723,1485.5,3300211,112792,1110.485,2395.9,833.439,95.6,54.4076152583677,138,2,38.78510673447881,28.026,90
